Department,Designation,Title,Description,Min Experience,Max Experience,Salary Package,JD File
HR,HR MANAGER,HR Manager,"Own end-to-end HR operations for the plant: recruitment coordination, employee records, attendance policy support, confirmations, and statutory compliance. Partner with department heads on manpower planning and ensure HRMS masters stay accurate.",3,8,8-12 LPA,01-hr-manager.pdf
PRODUCTION,CNC OPERATOR,CNC Operator,"Set up and run CNC machines to drawing, maintain tooling, record production counts, and flag quality deviations to the supervisor. Follow safety and TPM checklists on every shift.",1,4,2.4-3.6 LPA,02-cnc-operator.pdf
QUALITY,ENGINEER,Quality Engineer,"Plan incoming and in-process inspection, raise NCs, support customer quality issues, and maintain inspection records. Work with Production and Final Inspection to contain defects.",2,6,4.5-7 LPA,03-quality-engineer.pdf
ENGINEERING,DESIGN ENGINEER,Design Engineer,"Prepare and revise manufacturing drawings, fixture concepts, and process sheets. Support shop-floor trials and close engineering change requests with Production and Quality.",2,7,5-9 LPA,04-design-engineer.pdf
ACCOUNTS,ASSISTANT,Accounts Assistant,"Process vendor bills, bank entries, and employee reimbursements. Support month-end close, TDS/GST documentation, and audit schedules under the Accounts in-charge.",1,4,2.5-4 LPA,05-accounts-assistant.pdf
SALES,EXECUTIVE,Sales Executive,"Handle customer enquiries, follow up quotations, and coordinate order fulfilment with Planning and Despatch. Maintain visit reports and support collection follow-up.",1,5,3-6 LPA,06-sales-executive.pdf
IT & SYSTEM,ENGINEER,IT Systems Engineer,"Maintain plant IT infrastructure, user access, backups, and HRMS/ERP support tickets. Coordinate with vendors for network and hardware issues.",2,6,5-8 LPA,07-it-systems-engineer.pdf
MAINTENANCE,ASSISTANT ENGINEER,Maintenance Assistant Engineer,"Plan preventive maintenance for machines and utilities, attend breakdowns, and keep spare-part consumption records. Support Production in reducing downtime.",2,6,4-6.5 LPA,08-maintenance-assistant-engineer.pdf
PURCHASE,ASSISTANT,Purchase Assistant,"Raise and track POs, follow up vendor deliveries, and update GRN status with Stores. Maintain rate comparisons and support vendor evaluation.",1,4,2.8-4.5 LPA,09-purchase-assistant.pdf
STORE,IN-CHARGE,Stores In-charge,"Control inventory receipts and issues, cycle counts, and min-max levels. Ensure material identification and FIFO for production kitting.",4,10,6-10 LPA,10-stores-in-charge.pdf
